{
  "images" : [
    {
      "idiom" : "universal",
      "scale" : "1x",
      "filename" : "sunset_wAny_hAny.png"
    },
    {
      "idiom" : "universal",
      "scale" : "2x"
    },
    {
      "idiom" : "universal",
      "scale" : "3x"
    },
    {
      "idiom" : "universal",
      "filename" : "sunset_wCompact_hReguar.png",
      "widthClass" : "compact",
      "scale" : "1x"
    },
    {
      "idiom" : "universal",
      "scale" : "2x",
      "widthClass" : "compact"
    },
    {
      "idiom" : "universal",
      "scale" : "3x",
      "widthClass" : "compact"
    }
  ],
  "info" : {
    "version" : 1,
    "author" : "xcode"
  }
}